plot_id,range,column,plot_name,location,planting_date,rep,block,purpose,experiment_id,treatment
18BYD20001,1,1,ARTxEVEREST_DH115,18ASH,2017.9.19,1,1,Entry,18BYD0,Untreated
18BYD20002,1,2,ARTxEVEREST_DH047,18ASH,2017.9.19,1,1,Entry,18BYD0,Untreated
18BYD20003,1,3,ARTxEVEREST_DH071,18ASH,2017.9.19,1,1,Entry,18BYD0,Untreated
18BYD20004,1,4,EVEREST,18ASH,2017.9.19,1,1,Check,18BYD0,Untreated
18BYD20005,1,5,ARTxEVEREST_DH101,18ASH,2017.9.19,1,1,Entry,18BYD0,Untreated
18BYD20006,1,6,ARTxEVEREST_DH056,18ASH,2017.9.19,1,1,Entry,18BYD0,Untreated
18BYD20007,1,7,ARTxEVEREST_DH112,18ASH,2017.9.19,1,1,Entry,18BYD0,Untreated
18BYD20008,1,8,ARTxEVEREST_DH021,18ASH,2017.9.19,1,1,Entry,18BYD0,Untreated
18BYD20009,1,9,ARTxEVEREST_DH025,18ASH,2017.9.19,1,1,Entry,18BYD0,Untreated
18BYD20010,2,9,ARTxEVEREST_DH058,18ASH,2017.9.19,1,1,Entry,18BYD0,Untreated
18BYD20011,2,8,ARTxEVEREST_DH012,18ASH,2017.9.19,1,1,Entry,18BYD0,Untreated
18BYD20012,2,7,EVEREST,18ASH,2017.9.19,1,1,Check,18BYD0,Untreated
18BYD20013,2,6,ARTxEVEREST_DH135,18ASH,2017.9.19,1,1,Entry,18BYD0,Untreated
18BYD20014,2,5,ARTxEVEREST_DH097,18ASH,2017.9.19,1,1,Entry,18BYD0,Untreated
18BYD20015,2,4,ARTxEVEREST_DH073,18ASH,2017.9.19,1,1,Entry,18BYD0,Untreated
18BYD20016,2,3,ARTxEVEREST_DH022,18ASH,2017.9.19,1,1,Entry,18BYD0,Untreated
18BYD20017,2,2,ART,18ASH,2017.9.19,1,1,Check,18BYD0,Untreated
18BYD20018,2,1,ARTxEVEREST_DH066,18ASH,2017.9.19,1,1,Entry,18BYD0,Untreated
18BYD20019,3,1,ARTxEVEREST_DH018,18ASH,2017.9.19,1,1,Entry,18BYD0,Untreated
18BYD20020,3,2,ARTxEVEREST_DH099,18ASH,2017.9.19,1,1,Entry,18BYD0,Untreated
18BYD20021,3,3,ARTxEVEREST_DH017,18ASH,2017.9.19,1,1,Entry,18BYD0,Untreated
18BYD20022,3,4,EVEREST,18ASH,2017.9.19,1,1,Check,18BYD0,Untreated
18BYD20023,3,5,ARTxEVEREST_DH065,18ASH,2017.9.19,1,1,Entry,18BYD0,Untreated
18BYD20024,3,6,ArtXEverestDH-149,18ASH,2017.9.19,1,1,Check,18BYD0,Untreated
18BYD20025,3,7,ART,18ASH,2017.9.19,1,1,Check,18BYD0,Untreated
18BYD20026,3,8,ARTxEVEREST_DH087,18ASH,2017.9.19,1,1,Entry,18BYD0,Untreated
18BYD20027,3,9,ART,18ASH,2017.9.19,1,1,Check,18BYD0,Untreated
18BYD20028,4,9,ARTxEVEREST_DH033,18ASH,2017.9.19,1,1,Entry,18BYD0,Untreated
18BYD20029,4,8,ARTxEVEREST_DH076,18ASH,2017.9.19,1,1,Entry,18BYD0,Untreated
18BYD20030,4,7,EVEREST,18ASH,2017.9.19,1,1,Check,18BYD0,Untreated
18BYD20031,4,6,ARTxEVEREST_DH019,18ASH,2017.9.19,1,1,Entry,18BYD0,Untreated
18BYD20032,4,5,ARTxEVEREST_DH067,18ASH,2017.9.19,1,1,Entry,18BYD0,Untreated
18BYD20033,4,4,ART,18ASH,2017.9.19,1,1,Check,18BYD0,Untreated
18BYD20034,4,3,ARTxEVEREST_DH045,18ASH,2017.9.19,1,1,Entry,18BYD0,Untreated
18BYD20035,4,2,ARTxEVEREST_DH074,18ASH,2017.9.19,1,1,Entry,18BYD0,Untreated
18BYD20036,4,1,ARTxEVEREST_DH008,18ASH,2017.9.19,1,1,Entry,18BYD0,Untreated
18BYD20037,5,1,ARTxEVEREST_DH072,18ASH,2017.9.19,1,1,Entry,18BYD0,Untreated
18BYD20038,5,2,ARTxEVEREST_DH098,18ASH,2017.9.19,1,1,Entry,18BYD0,Untreated
18BYD20039,5,3,ARTxEVEREST_DH020,18ASH,2017.9.19,1,1,Entry,18BYD0,Untreated
18BYD20040,5,4,ARTxEVEREST_DH062,18ASH,2017.9.19,1,1,Entry,18BYD0,Untreated
18BYD20041,5,5,BobDole,18ASH,2017.9.19,1,1,Check,18BYD0,Untreated
18BYD20042,5,6,ARTxEVEREST_DH125,18ASH,2017.9.19,1,1,Entry,18BYD0,Untreated
18BYD20043,5,7,ARTxEVEREST_DH003,18ASH,2017.9.19,1,1,Entry,18BYD0,Untreated
18BYD20044,5,8,ART,18ASH,2017.9.19,1,1,Check,18BYD0,Untreated
18BYD20045,5,9,ARTxEVEREST_DH083,18ASH,2017.9.19,1,1,Entry,18BYD0,Untreated
18BYD20046,6,9,ARTxEVEREST_DH111,18ASH,2017.9.19,1,1,Entry,18BYD0,Untreated
18BYD20047,6,8,ART,18ASH,2017.9.19,1,1,Check,18BYD0,Untreated
18BYD20048,6,7,ARTxEVEREST_DH055,18ASH,2017.9.19,1,1,Entry,18BYD0,Untreated
18BYD20049,6,6,EVEREST,18ASH,2017.9.19,1,1,Check,18BYD0,Untreated
18BYD20050,6,5,ARTxEVEREST_DH029,18ASH,2017.9.19,1,1,Entry,18BYD0,Untreated
18BYD20051,6,4,ARTxEVEREST_DH014,18ASH,2017.9.19,1,1,Entry,18BYD0,Untreated
18BYD20052,6,3,ARTxEVEREST_DH013,18ASH,2017.9.19,1,1,Entry,18BYD0,Untreated
18BYD20053,6,2,ART,18ASH,2017.9.19,1,1,Check,18BYD0,Untreated
18BYD20054,6,1,ARTxEVEREST_DH060,18ASH,2017.9.19,1,1,Entry,18BYD0,Untreated
18BYD20055,7,1,ARTxEVEREST_DH005,18ASH,2017.9.19,1,1,Entry,18BYD0,Untreated
18BYD20056,7,2,ARTxEVEREST_DH031,18ASH,2017.9.19,1,1,Entry,18BYD0,Untreated
18BYD20057,7,3,ARTxEVEREST_DH130,18ASH,2017.9.19,1,1,Entry,18BYD0,Untreated
18BYD20058,7,4,EVEREST,18ASH,2017.9.19,1,1,Check,18BYD0,Untreated
18BYD20059,7,5,ARTxEVEREST_DH064,18ASH,2017.9.19,1,1,Entry,18BYD0,Untreated
18BYD20060,7,6,ARTxEVEREST_DH063,18ASH,2017.9.19,1,1,Entry,18BYD0,Untreated
18BYD20061,7,7,ART,18ASH,2017.9.19,1,1,Check,18BYD0,Untreated
18BYD20062,7,8,ARTxEVEREST_DH075,18ASH,2017.9.19,1,1,Entry,18BYD0,Untreated
18BYD20063,7,9,ARTxEVEREST_DH148,18ASH,2017.9.19,1,1,Entry,18BYD0,Untreated
18BYD20064,8,9,ARTxEVEREST_DH036,18ASH,2017.9.19,1,1,Entry,18BYD0,Untreated
18BYD20065,8,8,EVEREST,18ASH,2017.9.19,1,1,Check,18BYD0,Untreated
18BYD20066,8,7,ARTxEVEREST_DH082,18ASH,2017.9.19,1,1,Entry,18BYD0,Untreated
18BYD20067,8,6,ARTxEVEREST_DH140,18ASH,2017.9.19,1,1,Entry,18BYD0,Untreated
18BYD20068,8,5,ARTxEVEREST_DH103,18ASH,2017.9.19,1,1,Entry,18BYD0,Untreated
18BYD20069,8,4,ARTxEVEREST_DH041,18ASH,2017.9.19,1,1,Entry,18BYD0,Untreated
18BYD20070,8,3,ARTxEVEREST_DH113,18ASH,2017.9.19,1,1,Entry,18BYD0,Untreated
18BYD20071,8,2,ARTxEVEREST_DH070,18ASH,2017.9.19,1,1,Entry,18BYD0,Untreated
18BYD20072,8,1,ARTxEVEREST_DH117,18ASH,2017.9.19,1,1,Entry,18BYD0,Untreated
18BYD20073,9,1,ARTxEVEREST_DH122,18ASH,2017.9.19,1,1,Entry,18BYD0,Untreated
18BYD20074,9,2,ARTxEVEREST_DH042,18ASH,2017.9.19,1,1,Entry,18BYD0,Untreated
18BYD20075,9,3,EVEREST,18ASH,2017.9.19,1,1,Check,18BYD0,Untreated
18BYD20076,9,4,ARTxEVEREST_DH006,18ASH,2017.9.19,1,1,Entry,18BYD0,Untreated
18BYD20077,9,5,ARTxEVEREST_DH137,18ASH,2017.9.19,1,1,Entry,18BYD0,Untreated
18BYD20078,9,6,ARTxEVEREST_DH127,18ASH,2017.9.19,1,1,Entry,18BYD0,Untreated
18BYD20079,9,7,ART,18ASH,2017.9.19,1,1,Check,18BYD0,Untreated
18BYD20080,9,8,ARTxEVEREST_DH023,18ASH,2017.9.19,1,1,Entry,18BYD0,Untreated
18BYD20081,9,9,ARTxEVEREST_DH052,18ASH,2017.9.19,1,1,Entry,18BYD0,Untreated
18BYD20082,10,9,ARTxEVEREST_DH107,18ASH,2017.9.19,1,1,Entry,18BYD0,Untreated
18BYD20083,10,8,ARTxEVEREST_DH032,18ASH,2017.9.19,1,1,Entry,18BYD0,Untreated
18BYD20084,10,7,ARTxEVEREST_DH088,18ASH,2017.9.19,1,1,Entry,18BYD0,Untreated
18BYD20085,10,6,EVEREST,18ASH,2017.9.19,1,1,Check,18BYD0,Untreated
18BYD20086,10,5,ARTxEVEREST_DH057,18ASH,2017.9.19,1,1,Entry,18BYD0,Untreated
18BYD20087,10,4,ARTxEVEREST_DH094,18ASH,2017.9.19,1,1,Entry,18BYD0,Untreated
18BYD20088,10,3,ARTxEVEREST_DH049,18ASH,2017.9.19,1,1,Entry,18BYD0,Untreated
18BYD20089,10,2,ARTxEVEREST_DH110,18ASH,2017.9.19,1,1,Entry,18BYD0,Untreated
18BYD20090,10,1,ARTxEVEREST_DH145,18ASH,2017.9.19,1,1,Entry,18BYD1,Untreated
18BYD20091,11,1,ARTxEVEREST_DH134,18ASH,2017.9.19,1,1,Entry,18BYD2,Untreated
18BYD20092,11,2,ARTxEVEREST_DH061,18ASH,2017.9.19,1,1,Entry,18BYD0,Untreated
18BYD20093,11,3,ARTxEVEREST_DH102,18ASH,2017.9.19,1,1,Entry,18BYD0,Untreated
18BYD20094,11,4,ARTxEVEREST_DH124,18ASH,2017.9.19,1,1,Entry,18BYD0,Untreated
18BYD20095,11,5,ARTxEVEREST_DH139,18ASH,2017.9.19,1,1,Entry,18BYD0,Untreated
18BYD20096,11,6,ARTxEVEREST_DH095,18ASH,2017.9.19,1,1,Entry,18BYD0,Untreated
18BYD20097,11,7,ARTxEVEREST_DH053,18ASH,2017.9.19,1,1,Entry,18BYD0,Untreated
18BYD20098,11,8,ART,18ASH,2017.9.19,1,1,Check,18BYD0,Untreated
18BYD20099,11,9,ARTxEVEREST_DH096,18ASH,2017.9.19,1,1,Entry,18BYD0,Untreated
18BYD20100,12,9,ARTxEVEREST_DH051,18ASH,2017.9.19,1,1,Entry,18BYD3,Untreated
18BYD20101,12,8,ARTxEVEREST_DH104,18ASH,2017.9.19,1,1,Entry,18BYD0,Untreated
18BYD20102,12,7,ARTxEVEREST_DH081,18ASH,2017.9.19,1,1,Entry,18BYD0,Untreated
18BYD20103,12,6,EVEREST,18ASH,2017.9.19,1,1,Check,18BYD0,Untreated
18BYD20104,12,5,ARTxEVEREST_DH077,18ASH,2017.9.19,1,1,Entry,18BYD0,Untreated
18BYD20105,12,4,ARTxEVEREST_DH118,18ASH,2017.9.19,1,1,Entry,18BYD0,Untreated
18BYD20106,12,3,ART,18ASH,2017.9.19,1,1,Check,18BYD0,Untreated
18BYD20107,12,2,ARTxEVEREST_DH040,18ASH,2017.9.19,1,1,Entry,18BYD0,Untreated
18BYD20108,12,1,ART,18ASH,2017.9.19,1,1,Check,18BYD0,Untreated
18BYD20109,13,1,ARTxEVEREST_DH011,18ASH,2017.9.19,1,1,Entry,18BYD0,Untreated
18BYD20110,13,2,ARTxEVEREST_DH119,18ASH,2017.9.19,1,1,Entry,18BYD0,Untreated
18BYD20111,13,3,ARTxEVEREST_DH089,18ASH,2017.9.19,1,1,Entry,18BYD0,Untreated
18BYD20112,13,4,ART,18ASH,2017.9.19,1,1,Check,18BYD0,Untreated
18BYD20113,13,5,ARTxEVEREST_DH123,18ASH,2017.9.19,1,1,Entry,18BYD0,Untreated
18BYD20114,13,6,ARTxEVEREST_DH114,18ASH,2017.9.19,1,1,Entry,18BYD0,Untreated
18BYD20115,13,7,ARTxEVEREST_DH015,18ASH,2017.9.19,1,1,Entry,18BYD0,Untreated
18BYD20116,13,8,ARTxEVEREST_DH091,18ASH,2017.9.19,1,1,Entry,18BYD0,Untreated
18BYD20117,13,9,ARTxEVEREST_DH080,18ASH,2017.9.19,1,1,Entry,18BYD0,Untreated
18BYD20118,14,9,ARTxEVEREST_DH144,18ASH,2017.9.19,1,1,Entry,18BYD0,Untreated
18BYD20119,14,8,ARTxEVEREST_DH043,18ASH,2017.9.19,1,1,Entry,18BYD0,Untreated
18BYD20120,14,7,ARTxEVEREST_DH009,18ASH,2017.9.19,1,1,Entry,18BYD0,Untreated
18BYD20121,14,6,ART,18ASH,2017.9.19,1,1,Check,18BYD0,Untreated
18BYD20122,14,5,ARTxEVEREST_DH085,18ASH,2017.9.19,1,1,Entry,18BYD0,Untreated
18BYD20123,14,4,ARTxEVEREST_DH026,18ASH,2017.9.19,1,1,Entry,18BYD0,Untreated
18BYD20124,14,3,ARTxEVEREST_DH039,18ASH,2017.9.19,1,1,Entry,18BYD0,Untreated
18BYD20125,14,2,EVEREST,18ASH,2017.9.19,1,1,Check,18BYD0,Untreated
18BYD20126,14,1,ARTxEVEREST_DH141,18ASH,2017.9.19,1,1,Entry,18BYD0,Untreated
18BYD20127,15,1,ARTxEVEREST_DH126,18ASH,2017.9.19,1,1,Entry,18BYD0,Untreated
18BYD20128,15,2,ARTxEVEREST_DH069,18ASH,2017.9.19,1,1,Entry,18BYD0,Untreated
18BYD20129,15,3,ARTxEVEREST_DH024,18ASH,2017.9.19,1,1,Entry,18BYD0,Untreated
18BYD20130,15,4,ART,18ASH,2017.9.19,1,1,Check,18BYD0,Untreated
18BYD20131,15,5,ARTxEVEREST_DH027,18ASH,2017.9.19,1,1,Entry,18BYD0,Untreated
18BYD20132,15,6,ARTxEVEREST_DH106,18ASH,2017.9.19,1,1,Entry,18BYD0,Untreated
18BYD20133,15,7,EVEREST,18ASH,2017.9.19,1,1,Check,18BYD0,Untreated
18BYD20134,15,8,ARTxEVEREST_DH108,18ASH,2017.9.19,1,1,Entry,18BYD0,Untreated
18BYD20135,15,9,ARTxEVEREST_DH092,18ASH,2017.9.19,1,1,Entry,18BYD0,Untreated
18BYD20136,16,9,ARTxEVEREST_DH035,18ASH,2017.9.19,1,1,Entry,18BYD0,Untreated
18BYD20137,16,8,ARTxEVEREST_DH001,18ASH,2017.9.19,1,1,Entry,18BYD0,Untreated
18BYD20138,16,7,ART,18ASH,2017.9.19,1,1,Check,18BYD0,Untreated
18BYD20139,16,6,ARTxEVEREST_DH129,18ASH,2017.9.19,1,1,Entry,18BYD0,Untreated
18BYD20140,16,5,ARTxEVEREST_DH016,18ASH,2017.9.19,1,1,Entry,18BYD0,Untreated
18BYD20141,16,4,ARTxEVEREST_DH030,18ASH,2017.9.19,1,1,Entry,18BYD0,Untreated
18BYD20142,16,3,ARTxEVEREST_DH078,18ASH,2017.9.19,1,1,Entry,18BYD0,Untreated
18BYD20143,16,2,EVEREST,18ASH,2017.9.19,1,1,Check,18BYD0,Untreated
18BYD20144,16,1,ARTxEVEREST_DH146,18ASH,2017.9.19,1,1,Entry,18BYD0,Untreated
18BYD20145,17,1,ARTxEVEREST_DH046,18ASH,2017.9.19,1,1,Entry,18BYD0,Untreated
18BYD20146,17,2,ART,18ASH,2017.9.19,1,1,Check,18BYD0,Untreated
18BYD20147,17,3,ARTxEVEREST_DH109,18ASH,2017.9.19,1,1,Entry,18BYD0,Untreated
18BYD20148,17,4,Larry,18ASH,2017.9.19,1,1,Check,18BYD0,Untreated
18BYD20149,17,5,ARTxEVEREST_DH133,18ASH,2017.9.19,1,1,Entry,18BYD0,Untreated
18BYD20150,17,6,ARTxEVEREST_DH131,18ASH,2017.9.19,1,1,Entry,18BYD0,Untreated
18BYD20151,17,7,ARTxEVEREST_DH143,18ASH,2017.9.19,1,1,Entry,18BYD0,Untreated
18BYD20152,17,8,EVEREST,18ASH,2017.9.19,1,1,Check,18BYD0,Untreated
18BYD20153,17,9,ARTxEVEREST_DH059,18ASH,2017.9.19,1,1,Entry,18BYD0,Untreated
18BYD20154,18,9,ARTxEVEREST_DH004,18ASH,2017.9.19,1,1,Entry,18BYD0,Untreated
18BYD20155,18,8,ARTxEVEREST_DH147,18ASH,2017.9.19,1,1,Entry,18BYD0,Untreated
18BYD20156,18,7,ART,18ASH,2017.9.19,1,1,Check,18BYD0,Untreated
18BYD20157,18,6,ARTxEVEREST_DH054,18ASH,2017.9.19,1,1,Entry,18BYD0,Untreated
18BYD20158,18,5,ARTxEVEREST_DH116,18ASH,2017.9.19,1,1,Entry,18BYD0,Untreated
18BYD20159,18,4,EVEREST,18ASH,2017.9.19,1,1,Check,18BYD0,Untreated
18BYD20160,18,3,ARTxEVEREST_DH048,18ASH,2017.9.19,1,1,Entry,18BYD0,Untreated
18BYD20161,18,2,ARTxEVEREST_DH084,18ASH,2017.9.19,1,1,Entry,18BYD0,Untreated
18BYD20162,18,1,ARTxEVEREST_DH010,18ASH,2017.9.19,1,1,Entry,18BYD0,Untreated
18BYD20163,19,1,ARTxEVEREST_DH128,18ASH,2017.9.19,1,1,Entry,18BYD0,Untreated
18BYD20164,19,2,ART,18ASH,2017.9.19,1,1,Check,18BYD0,Untreated
18BYD20165,19,3,ARTxEVEREST_DH090,18ASH,2017.9.19,1,1,Entry,18BYD0,Untreated
18BYD20166,19,4,ARTxEVEREST_DH068,18ASH,2017.9.19,1,1,Entry,18BYD0,Untreated
18BYD20167,19,5,ARTxEVEREST_DH132,18ASH,2017.9.19,1,1,Entry,18BYD0,Untreated
18BYD20168,19,6,ARTxEVEREST_DH007,18ASH,2017.9.19,1,1,Entry,18BYD0,Untreated
18BYD20169,19,7,ARTxEVEREST_DH121,18ASH,2017.9.19,1,1,Entry,18BYD0,Untreated
18BYD20170,19,8,ARTxEVEREST_DH079,18ASH,2017.9.19,1,1,Entry,18BYD0,Untreated
18BYD20171,19,9,ARTxEVEREST_DH002,18ASH,2017.9.19,1,1,Entry,18BYD0,Untreated
18BYD20172,20,9,ARTxEVEREST_DH138,18ASH,2017.9.19,1,1,Entry,18BYD0,Untreated
18BYD20173,20,8,ARTxEVEREST_DH093,18ASH,2017.9.19,1,1,Entry,18BYD0,Untreated
18BYD20174,20,7,ART,18ASH,2017.9.19,1,1,Check,18BYD0,Untreated
18BYD20175,20,6,ARTxEVEREST_DH037,18ASH,2017.9.19,1,1,Entry,18BYD0,Untreated
18BYD20176,20,5,ARTxEVEREST_DH044,18ASH,2017.9.19,1,1,Entry,18BYD0,Untreated
18BYD20177,20,4,ARTxEVEREST_DH034,18ASH,2017.9.19,1,1,Entry,18BYD0,Untreated
18BYD20178,20,3,EVEREST,18ASH,2017.9.19,1,1,Check,18BYD0,Untreated
18BYD20179,20,2,ARTxEVEREST_DH038,18ASH,2017.9.19,1,1,Entry,18BYD0,Untreated
18BYD20180,20,1,ARTxEVEREST_DH050,18ASH,2017.9.19,1,1,Entry,18BYD0,Untreated
18BYD20181,1,10,ARTxEVEREST_DH133,18ASH,2017.9.19,2,2,Entry,18BYD0,Treated
18BYD20182,1,11,ARTxEVEREST_DH044,18ASH,2017.9.19,2,2,Entry,18BYD0,Treated
18BYD20183,1,12,ARTxEVEREST_DH125,18ASH,2017.9.19,2,2,Entry,18BYD0,Treated
18BYD20184,1,13,EVEREST,18ASH,2017.9.19,2,2,Check,18BYD0,Treated
18BYD20185,1,14,ARTxEVEREST_DH093,18ASH,2017.9.19,2,2,Entry,18BYD0,Treated
18BYD20186,1,15,Larry,18ASH,2017.9.19,2,2,Check,18BYD0,Treated
18BYD20187,1,16,ARTxEVEREST_DH098,18ASH,2017.9.19,2,2,Entry,18BYD0,Treated
18BYD20188,1,17,ARTxEVEREST_DH135,18ASH,2017.9.19,2,2,Entry,18BYD0,Treated
18BYD20189,1,18,ARTxEVEREST_DH104,18ASH,2017.9.19,2,2,Entry,18BYD0,Treated
18BYD20190,2,18,ARTxEVEREST_DH042,18ASH,2017.9.19,2,2,Entry,18BYD0,Treated
18BYD20191,2,17,ARTxEVEREST_DH037,18ASH,2017.9.19,2,2,Entry,18BYD0,Treated
18BYD20192,2,16,EVEREST,18ASH,2017.9.19,2,2,Check,18BYD0,Treated
18BYD20193,2,15,ARTxEVEREST_DH141,18ASH,2017.9.19,2,2,Entry,18BYD0,Treated
18BYD20194,2,14,ARTxEVEREST_DH010,18ASH,2017.9.19,2,2,Entry,18BYD0,Treated
18BYD20195,2,13,ARTxEVEREST_DH059,18ASH,2017.9.19,2,2,Entry,18BYD0,Treated
18BYD20196,2,12,ARTxEVEREST_DH026,18ASH,2017.9.19,2,2,Entry,18BYD0,Treated
18BYD20197,2,11,ART,18ASH,2017.9.19,2,2,Check,18BYD0,Treated
18BYD20198,2,10,ARTxEVEREST_DH088,18ASH,2017.9.19,2,2,Entry,18BYD0,Treated
18BYD20199,3,10,ARTxEVEREST_DH024,18ASH,2017.9.19,2,2,Entry,18BYD0,Treated
18BYD20200,3,11,ARTxEVEREST_DH134,18ASH,2017.9.19,2,2,Entry,18BYD0,Treated
18BYD20201,3,12,ARTxEVEREST_DH007,18ASH,2017.9.19,2,2,Entry,18BYD0,Treated
18BYD20202,3,13,EVEREST,18ASH,2017.9.19,2,2,Check,18BYD0,Treated
18BYD20203,3,14,ARTxEVEREST_DH060,18ASH,2017.9.19,2,2,Entry,18BYD0,Treated
18BYD20204,3,15,ARTxEVEREST_DH049,18ASH,2017.9.19,2,2,Entry,18BYD0,Treated
18BYD20205,3,16,ART,18ASH,2017.9.19,2,2,Check,18BYD0,Treated
18BYD20206,3,17,ARTxEVEREST_DH119,18ASH,2017.9.19,2,2,Entry,18BYD0,Treated
18BYD20207,3,18,BobDole,18ASH,2017.9.19,2,2,Check,18BYD0,Treated
18BYD20208,4,18,ARTxEVEREST_DH034,18ASH,2017.9.19,2,2,Entry,18BYD0,Treated
18BYD20209,4,17,ARTxEVEREST_DH009,18ASH,2017.9.19,2,2,Entry,18BYD0,Treated
18BYD20210,4,16,EVEREST,18ASH,2017.9.19,2,2,Check,18BYD0,Treated
18BYD20211,4,15,ARTxEVEREST_DH058,18ASH,2017.9.19,2,2,Entry,18BYD0,Treated
18BYD20212,4,14,ARTxEVEREST_DH144,18ASH,2017.9.19,2,2,Entry,18BYD0,Treated
18BYD20213,4,13,ART,18ASH,2017.9.19,2,2,Check,18BYD0,Treated
18BYD20214,4,12,ARTxEVEREST_DH047,18ASH,2017.9.19,2,2,Entry,18BYD0,Treated
18BYD20215,4,11,ARTxEVEREST_DH085,18ASH,2017.9.19,2,2,Entry,18BYD0,Treated
18BYD20216,4,10,ARTxEVEREST_DH032,18ASH,2017.9.19,2,2,Entry,18BYD0,Treated
18BYD20217,5,10,ARTxEVEREST_DH070,18ASH,2017.9.19,2,2,Entry,18BYD0,Treated
18BYD20218,5,11,ARTxEVEREST_DH076,18ASH,2017.9.19,2,2,Entry,18BYD0,Treated
18BYD20219,5,12,ARTxEVEREST_DH022,18ASH,2017.9.19,2,2,Entry,18BYD0,Treated
18BYD20220,5,13,ARTxEVEREST_DH043,18ASH,2017.9.19,2,2,Entry,18BYD0,Treated
18BYD20221,5,14,ARTxEVEREST_DH081,18ASH,2017.9.19,2,2,Entry,18BYD0,Treated
18BYD20222,5,15,ArtXEverestDH-149,18ASH,2017.9.19,2,2,Check,18BYD0,Treated
18BYD20223,5,16,ART,18ASH,2017.9.19,2,2,Check,18BYD0,Treated
18BYD20224,5,17,ART,18ASH,2017.9.19,2,2,Check,18BYD0,Treated
18BYD20225,5,18,ARTxEVEREST_DH096,18ASH,2017.9.19,2,2,Entry,18BYD0,Treated
18BYD20226,6,18,ARTxEVEREST_DH082,18ASH,2017.9.19,2,2,Entry,18BYD0,Treated
18BYD20227,6,17,ARTxEVEREST_DH087,18ASH,2017.9.19,2,2,Entry,18BYD0,Treated
18BYD20228,6,16,ARTxEVEREST_DH148,18ASH,2017.9.19,2,2,Entry,18BYD0,Treated
18BYD20229,6,15,EVEREST,18ASH,2017.9.19,2,2,Check,18BYD0,Treated
18BYD20230,6,14,ARTxEVEREST_DH036,18ASH,2017.9.19,2,2,Entry,18BYD0,Treated
18BYD20231,6,13,ARTxEVEREST_DH046,18ASH,2017.9.19,2,2,Entry,18BYD0,Treated
18BYD20232,6,12,ARTxEVEREST_DH054,18ASH,2017.9.19,2,2,Entry,18BYD0,Treated
18BYD20233,6,11,ART,18ASH,2017.9.19,2,2,Check,18BYD0,Treated
18BYD20234,6,10,ARTxEVEREST_DH056,18ASH,2017.9.19,2,2,Entry,18BYD0,Treated
18BYD20235,7,10,ARTxEVEREST_DH112,18ASH,2017.9.19,2,2,Entry,18BYD0,Treated
18BYD20236,7,11,ARTxEVEREST_DH053,18ASH,2017.9.19,2,2,Entry,18BYD0,Treated
18BYD20237,7,12,ARTxEVEREST_DH080,18ASH,2017.9.19,2,2,Entry,18BYD0,Treated
18BYD20238,7,13,EVEREST,18ASH,2017.9.19,2,2,Check,18BYD0,Treated
18BYD20239,7,14,ARTxEVEREST_DH130,18ASH,2017.9.19,2,2,Entry,18BYD0,Treated
18BYD20240,7,15,ARTxEVEREST_DH061,18ASH,2017.9.19,2,2,Entry,18BYD0,Treated
18BYD20241,7,16,ART,18ASH,2017.9.19,2,2,Check,18BYD0,Treated
18BYD20242,7,17,ARTxEVEREST_DH127,18ASH,2017.9.19,2,2,Entry,18BYD0,Treated
18BYD20243,7,18,ARTxEVEREST_DH048,18ASH,2017.9.19,2,2,Entry,18BYD0,Treated
18BYD20244,8,18,ARTxEVEREST_DH090,18ASH,2017.9.19,2,2,Entry,18BYD0,Treated
18BYD20245,8,17,EVEREST,18ASH,2017.9.19,2,2,Check,18BYD0,Treated
18BYD20246,8,16,ARTxEVEREST_DH045,18ASH,2017.9.19,2,2,Entry,18BYD0,Treated
18BYD20247,8,15,ARTxEVEREST_DH033,18ASH,2017.9.19,2,2,Entry,18BYD0,Treated
18BYD20248,8,14,ARTxEVEREST_DH039,18ASH,2017.9.19,2,2,Entry,18BYD0,Treated
18BYD20249,8,13,ARTxEVEREST_DH018,18ASH,2017.9.19,2,2,Entry,18BYD0,Treated
18BYD20250,8,12,ARTxEVEREST_DH019,18ASH,2017.9.19,2,2,Entry,18BYD0,Treated
18BYD20251,8,11,ARTxEVEREST_DH095,18ASH,2017.9.19,2,2,Entry,18BYD0,Treated
18BYD20252,8,10,ARTxEVEREST_DH117,18ASH,2017.9.19,2,2,Entry,18BYD0,Treated
18BYD20253,9,10,ARTxEVEREST_DH006,18ASH,2017.9.19,2,2,Entry,18BYD0,Treated
18BYD20254,9,11,ARTxEVEREST_DH051,18ASH,2017.9.19,2,2,Entry,18BYD0,Treated
18BYD20255,9,12,EVEREST,18ASH,2017.9.19,2,2,Check,18BYD0,Treated
18BYD20256,9,13,ARTxEVEREST_DH118,18ASH,2017.9.19,2,2,Entry,18BYD0,Treated
18BYD20257,9,14,ARTxEVEREST_DH124,18ASH,2017.9.19,2,2,Entry,18BYD0,Treated
18BYD20258,9,15,ARTxEVEREST_DH066,18ASH,2017.9.19,2,2,Entry,18BYD0,Treated
18BYD20259,9,16,ART,18ASH,2017.9.19,2,2,Check,18BYD0,Treated
18BYD20260,9,17,ARTxEVEREST_DH063,18ASH,2017.9.19,2,2,Entry,18BYD0,Treated
18BYD20261,9,18,ARTxEVEREST_DH102,18ASH,2017.9.19,2,2,Entry,18BYD0,Treated
18BYD20262,10,18,ARTxEVEREST_DH137,18ASH,2017.9.19,2,2,Entry,18BYD0,Treated
18BYD20263,10,17,ARTxEVEREST_DH084,18ASH,2017.9.19,2,2,Entry,18BYD0,Treated
18BYD20264,10,16,ARTxEVEREST_DH012,18ASH,2017.9.19,2,2,Entry,18BYD0,Treated
18BYD20265,10,15,EVEREST,18ASH,2017.9.19,2,2,Check,18BYD0,Treated
18BYD20266,10,14,ARTxEVEREST_DH099,18ASH,2017.9.19,2,2,Entry,18BYD0,Treated
18BYD20267,10,13,ARTxEVEREST_DH131,18ASH,2017.9.19,2,2,Entry,18BYD0,Treated
18BYD20268,10,12,ARTxEVEREST_DH015,18ASH,2017.9.19,2,2,Entry,18BYD0,Treated
18BYD20269,10,11,ARTxEVEREST_DH116,18ASH,2017.9.19,2,2,Entry,18BYD0,Treated
18BYD20270,10,10,ART,18ASH,2017.9.19,2,2,Check,18BYD1,Treated
18BYD20271,11,10,ARTxEVEREST_DH065,18ASH,2017.9.19,2,2,Entry,18BYD2,Treated
18BYD20272,11,11,ARTxEVEREST_DH123,18ASH,2017.9.19,2,2,Entry,18BYD0,Treated
18BYD20273,11,12,ARTxEVEREST_DH091,18ASH,2017.9.19,2,2,Entry,18BYD0,Treated
18BYD20274,11,13,ARTxEVEREST_DH143,18ASH,2017.9.19,2,2,Entry,18BYD0,Treated
18BYD20275,11,14,ARTxEVEREST_DH002,18ASH,2017.9.19,2,2,Entry,18BYD0,Treated
18BYD20276,11,15,ARTxEVEREST_DH005,18ASH,2017.9.19,2,2,Entry,18BYD0,Treated
18BYD20277,11,16,ARTxEVEREST_DH129,18ASH,2017.9.19,2,2,Entry,18BYD0,Treated
18BYD20278,11,17,ART,18ASH,2017.9.19,2,2,Check,18BYD0,Treated
18BYD20279,11,18,ARTxEVEREST_DH126,18ASH,2017.9.19,2,2,Entry,18BYD0,Treated
18BYD20280,12,18,ARTxEVEREST_DH040,18ASH,2017.9.19,2,2,Entry,18BYD3,Treated
18BYD20281,12,17,ARTxEVEREST_DH103,18ASH,2017.9.19,2,2,Entry,18BYD0,Treated
18BYD20282,12,16,ART,18ASH,2017.9.19,2,2,Check,18BYD0,Treated
18BYD20283,12,15,EVEREST,18ASH,2017.9.19,2,2,Check,18BYD0,Treated
18BYD20284,12,14,ARTxEVEREST_DH001,18ASH,2017.9.19,2,2,Entry,18BYD0,Treated
18BYD20285,12,13,ARTxEVEREST_DH011,18ASH,2017.9.19,2,2,Entry,18BYD0,Treated
18BYD20286,12,12,ARTxEVEREST_DH041,18ASH,2017.9.19,2,2,Entry,18BYD0,Treated
18BYD20287,12,11,ARTxEVEREST_DH101,18ASH,2017.9.19,2,2,Entry,18BYD0,Treated
18BYD20288,12,10,ART,18ASH,2017.9.19,2,2,Check,18BYD0,Treated
18BYD20289,13,10,ARTxEVEREST_DH138,18ASH,2017.9.19,2,2,Entry,18BYD0,Treated
18BYD20290,13,11,ARTxEVEREST_DH078,18ASH,2017.9.19,2,2,Entry,18BYD0,Treated
18BYD20291,13,12,ARTxEVEREST_DH109,18ASH,2017.9.19,2,2,Entry,18BYD0,Treated
18BYD20292,13,13,ART,18ASH,2017.9.19,2,2,Check,18BYD0,Treated
18BYD20293,13,14,ARTxEVEREST_DH035,18ASH,2017.9.19,2,2,Entry,18BYD0,Treated
18BYD20294,13,15,ARTxEVEREST_DH094,18ASH,2017.9.19,2,2,Entry,18BYD0,Treated
18BYD20295,13,16,ART,18ASH,2017.9.19,2,2,Check,18BYD0,Treated
18BYD20296,13,17,ARTxEVEREST_DH003,18ASH,2017.9.19,2,2,Entry,18BYD0,Treated
18BYD20297,13,18,ARTxEVEREST_DH050,18ASH,2017.9.19,2,2,Entry,18BYD0,Treated
18BYD20298,14,18,ARTxEVEREST_DH014,18ASH,2017.9.19,2,2,Entry,18BYD0,Treated
18BYD20299,14,17,ARTxEVEREST_DH004,18ASH,2017.9.19,2,2,Entry,18BYD0,Treated
18BYD20300,14,16,ARTxEVEREST_DH139,18ASH,2017.9.19,2,2,Entry,18BYD0,Treated
18BYD20301,14,15,ARTxEVEREST_DH140,18ASH,2017.9.19,2,2,Entry,18BYD0,Treated
18BYD20302,14,14,ARTxEVEREST_DH145,18ASH,2017.9.19,2,2,Entry,18BYD0,Treated
18BYD20303,14,13,ARTxEVEREST_DH021,18ASH,2017.9.19,2,2,Entry,18BYD0,Treated
18BYD20304,14,12,ARTxEVEREST_DH055,18ASH,2017.9.19,2,2,Entry,18BYD0,Treated
18BYD20305,14,11,EVEREST,18ASH,2017.9.19,2,2,Check,18BYD0,Treated
18BYD20306,14,10,ARTxEVEREST_DH057,18ASH,2017.9.19,2,2,Entry,18BYD0,Treated
18BYD20307,15,10,ARTxEVEREST_DH132,18ASH,2017.9.19,2,2,Entry,18BYD0,Treated
18BYD20308,15,11,ARTxEVEREST_DH016,18ASH,2017.9.19,2,2,Entry,18BYD0,Treated
18BYD20309,15,12,ARTxEVEREST_DH068,18ASH,2017.9.19,2,2,Entry,18BYD0,Treated
18BYD20310,15,13,ART,18ASH,2017.9.19,2,2,Check,18BYD0,Treated
18BYD20311,15,14,ARTxEVEREST_DH147,18ASH,2017.9.19,2,2,Entry,18BYD0,Treated
18BYD20312,15,15,ARTxEVEREST_DH029,18ASH,2017.9.19,2,2,Entry,18BYD0,Treated
18BYD20313,15,16,EVEREST,18ASH,2017.9.19,2,2,Check,18BYD0,Treated
18BYD20314,15,17,ARTxEVEREST_DH106,18ASH,2017.9.19,2,2,Entry,18BYD0,Treated
18BYD20315,15,18,ARTxEVEREST_DH017,18ASH,2017.9.19,2,2,Entry,18BYD0,Treated
18BYD20316,16,18,ARTxEVEREST_DH008,18ASH,2017.9.19,2,2,Entry,18BYD0,Treated
18BYD20317,16,17,ARTxEVEREST_DH025,18ASH,2017.9.19,2,2,Entry,18BYD0,Treated
18BYD20318,16,16,ART,18ASH,2017.9.19,2,2,Check,18BYD0,Treated
18BYD20319,16,15,ARTxEVEREST_DH069,18ASH,2017.9.19,2,2,Entry,18BYD0,Treated
18BYD20320,16,14,ARTxEVEREST_DH073,18ASH,2017.9.19,2,2,Entry,18BYD0,Treated
18BYD20321,16,13,ARTxEVEREST_DH077,18ASH,2017.9.19,2,2,Entry,18BYD0,Treated
18BYD20322,16,12,ARTxEVEREST_DH128,18ASH,2017.9.19,2,2,Entry,18BYD0,Treated
18BYD20323,16,11,EVEREST,18ASH,2017.9.19,2,2,Check,18BYD0,Treated
18BYD20324,16,10,ARTxEVEREST_DH072,18ASH,2017.9.19,2,2,Entry,18BYD0,Treated
18BYD20325,17,10,ARTxEVEREST_DH092,18ASH,2017.9.19,2,2,Entry,18BYD0,Treated
18BYD20326,17,11,ART,18ASH,2017.9.19,2,2,Check,18BYD0,Treated
18BYD20327,17,12,ARTxEVEREST_DH146,18ASH,2017.9.19,2,2,Entry,18BYD0,Treated
18BYD20328,17,13,ARTxEVEREST_DH071,18ASH,2017.9.19,2,2,Entry,18BYD0,Treated
18BYD20329,17,14,ARTxEVEREST_DH031,18ASH,2017.9.19,2,2,Entry,18BYD0,Treated
18BYD20330,17,15,ARTxEVEREST_DH038,18ASH,2017.9.19,2,2,Entry,18BYD0,Treated
18BYD20331,17,16,ARTxEVEREST_DH079,18ASH,2017.9.19,2,2,Entry,18BYD0,Treated
18BYD20332,17,17,EVEREST,18ASH,2017.9.19,2,2,Check,18BYD0,Treated
18BYD20333,17,18,ARTxEVEREST_DH111,18ASH,2017.9.19,2,2,Entry,18BYD0,Treated
18BYD20334,18,18,ARTxEVEREST_DH052,18ASH,2017.9.19,2,2,Entry,18BYD0,Treated
18BYD20335,18,17,ARTxEVEREST_DH023,18ASH,2017.9.19,2,2,Entry,18BYD0,Treated
18BYD20336,18,16,ART,18ASH,2017.9.19,2,2,Check,18BYD0,Treated
18BYD20337,18,15,ARTxEVEREST_DH108,18ASH,2017.9.19,2,2,Entry,18BYD0,Treated
18BYD20338,18,14,ARTxEVEREST_DH110,18ASH,2017.9.19,2,2,Entry,18BYD0,Treated
18BYD20339,18,13,EVEREST,18ASH,2017.9.19,2,2,Check,18BYD0,Treated
18BYD20340,18,12,ARTxEVEREST_DH030,18ASH,2017.9.19,2,2,Entry,18BYD0,Treated
18BYD20341,18,11,ARTxEVEREST_DH122,18ASH,2017.9.19,2,2,Entry,18BYD0,Treated
18BYD20342,18,10,ARTxEVEREST_DH013,18ASH,2017.9.19,2,2,Entry,18BYD0,Treated
18BYD20343,19,10,ARTxEVEREST_DH027,18ASH,2017.9.19,2,2,Entry,18BYD0,Treated
18BYD20344,19,11,ART,18ASH,2017.9.19,2,2,Check,18BYD0,Treated
18BYD20345,19,12,ARTxEVEREST_DH115,18ASH,2017.9.19,2,2,Entry,18BYD0,Treated
18BYD20346,19,13,ARTxEVEREST_DH114,18ASH,2017.9.19,2,2,Entry,18BYD0,Treated
18BYD20347,19,14,ARTxEVEREST_DH067,18ASH,2017.9.19,2,2,Entry,18BYD0,Treated
18BYD20348,19,15,ARTxEVEREST_DH062,18ASH,2017.9.19,2,2,Entry,18BYD0,Treated
18BYD20349,19,16,ARTxEVEREST_DH113,18ASH,2017.9.19,2,2,Entry,18BYD0,Treated
18BYD20350,19,17,ARTxEVEREST_DH121,18ASH,2017.9.19,2,2,Entry,18BYD0,Treated
18BYD20351,19,18,ARTxEVEREST_DH074,18ASH,2017.9.19,2,2,Entry,18BYD0,Treated
18BYD20352,20,18,ARTxEVEREST_DH020,18ASH,2017.9.19,2,2,Entry,18BYD0,Treated
18BYD20353,20,17,ARTxEVEREST_DH089,18ASH,2017.9.19,2,2,Entry,18BYD0,Treated
18BYD20354,20,16,ART,18ASH,2017.9.19,2,2,Check,18BYD0,Treated
18BYD20355,20,15,ARTxEVEREST_DH083,18ASH,2017.9.19,2,2,Entry,18BYD0,Treated
18BYD20356,20,14,ARTxEVEREST_DH107,18ASH,2017.9.19,2,2,Entry,18BYD0,Treated
18BYD20357,20,13,ARTxEVEREST_DH097,18ASH,2017.9.19,2,2,Entry,18BYD0,Treated
18BYD20358,20,12,EVEREST,18ASH,2017.9.19,2,2,Check,18BYD0,Treated
18BYD20359,20,11,ARTxEVEREST_DH075,18ASH,2017.9.19,2,2,Entry,18BYD0,Treated
18BYD20360,20,10,ARTxEVEREST_DH064,18ASH,2017.9.19,2,2,Entry,18BYD0,Treated
18BYD20361,1,19,ARTxEVEREST_DH082,18ASH,2017.9.19,3,3,Entry,18BYD0,Untreated
18BYD20362,1,20,ARTxEVEREST_DH141,18ASH,2017.9.19,3,3,Entry,18BYD0,Untreated
18BYD20363,1,21,ARTxEVEREST_DH113,18ASH,2017.9.19,3,3,Entry,18BYD0,Untreated
18BYD20364,1,22,EVEREST,18ASH,2017.9.19,3,3,Check,18BYD0,Untreated
18BYD20365,1,23,ARTxEVEREST_DH049,18ASH,2017.9.19,3,3,Entry,18BYD0,Untreated
18BYD20366,1,24,ARTxEVEREST_DH066,18ASH,2017.9.19,3,3,Entry,18BYD0,Untreated
18BYD20367,1,25,ARTxEVEREST_DH063,18ASH,2017.9.19,3,3,Entry,18BYD0,Untreated
18BYD20368,1,26,ARTxEVEREST_DH023,18ASH,2017.9.19,3,3,Entry,18BYD0,Untreated
18BYD20369,1,27,ARTxEVEREST_DH035,18ASH,2017.9.19,3,3,Entry,18BYD0,Untreated
18BYD20370,2,27,ARTxEVEREST_DH052,18ASH,2017.9.19,3,3,Entry,18BYD0,Untreated
18BYD20371,2,26,ARTxEVEREST_DH011,18ASH,2017.9.19,3,3,Entry,18BYD0,Untreated
18BYD20372,2,25,EVEREST,18ASH,2017.9.19,3,3,Check,18BYD0,Untreated
18BYD20373,2,24,ARTxEVEREST_DH034,18ASH,2017.9.19,3,3,Entry,18BYD0,Untreated
18BYD20374,2,23,ARTxEVEREST_DH014,18ASH,2017.9.19,3,3,Entry,18BYD0,Untreated
18BYD20375,2,22,ARTxEVEREST_DH148,18ASH,2017.9.19,3,3,Entry,18BYD0,Untreated
18BYD20376,2,21,ARTxEVEREST_DH067,18ASH,2017.9.19,3,3,Entry,18BYD0,Untreated
18BYD20377,2,20,ART,18ASH,2017.9.19,3,3,Check,18BYD0,Untreated
18BYD20378,2,19,ARTxEVEREST_DH132,18ASH,2017.9.19,3,3,Entry,18BYD0,Untreated
18BYD20379,3,19,ARTxEVEREST_DH109,18ASH,2017.9.19,3,3,Entry,18BYD0,Untreated
18BYD20380,3,20,ART,18ASH,2017.9.19,3,3,Check,18BYD0,Untreated
18BYD20381,3,21,ARTxEVEREST_DH064,18ASH,2017.9.19,3,3,Entry,18BYD0,Untreated
18BYD20382,3,22,EVEREST,18ASH,2017.9.19,3,3,Check,18BYD0,Untreated
18BYD20383,3,23,ARTxEVEREST_DH043,18ASH,2017.9.19,3,3,Entry,18BYD0,Untreated
18BYD20384,3,24,ARTxEVEREST_DH010,18ASH,2017.9.19,3,3,Entry,18BYD0,Untreated
18BYD20385,3,25,ART,18ASH,2017.9.19,3,3,Check,18BYD0,Untreated
18BYD20386,3,26,ARTxEVEREST_DH016,18ASH,2017.9.19,3,3,Entry,18BYD0,Untreated
18BYD20387,3,27,ARTxEVEREST_DH046,18ASH,2017.9.19,3,3,Entry,18BYD0,Untreated
18BYD20388,4,27,ARTxEVEREST_DH021,18ASH,2017.9.19,3,3,Entry,18BYD0,Untreated
18BYD20389,4,26,ARTxEVEREST_DH001,18ASH,2017.9.19,3,3,Entry,18BYD0,Untreated
18BYD20390,4,25,EVEREST,18ASH,2017.9.19,3,3,Check,18BYD0,Untreated
18BYD20391,4,24,ARTxEVEREST_DH056,18ASH,2017.9.19,3,3,Entry,18BYD0,Untreated
18BYD20392,4,23,ARTxEVEREST_DH146,18ASH,2017.9.19,3,3,Entry,18BYD0,Untreated
18BYD20393,4,22,ART,18ASH,2017.9.19,3,3,Check,18BYD0,Untreated
18BYD20394,4,21,ARTxEVEREST_DH036,18ASH,2017.9.19,3,3,Entry,18BYD0,Untreated
18BYD20395,4,20,ARTxEVEREST_DH068,18ASH,2017.9.19,3,3,Entry,18BYD0,Untreated
18BYD20396,4,19,ARTxEVEREST_DH118,18ASH,2017.9.19,3,3,Entry,18BYD0,Untreated
18BYD20397,5,19,ARTxEVEREST_DH069,18ASH,2017.9.19,3,3,Entry,18BYD0,Untreated
18BYD20398,5,20,ARTxEVEREST_DH144,18ASH,2017.9.19,3,3,Entry,18BYD0,Untreated
18BYD20399,5,21,ARTxEVEREST_DH097,18ASH,2017.9.19,3,3,Entry,18BYD0,Untreated
18BYD20400,5,22,ARTxEVEREST_DH018,18ASH,2017.9.19,3,3,Entry,18BYD0,Untreated
18BYD20401,5,23,ARTxEVEREST_DH053,18ASH,2017.9.19,3,3,Entry,18BYD0,Untreated
18BYD20402,5,24,ARTxEVEREST_DH111,18ASH,2017.9.19,3,3,Entry,18BYD0,Untreated
18BYD20403,5,25,ARTxEVEREST_DH119,18ASH,2017.9.19,3,3,Entry,18BYD0,Untreated
18BYD20404,5,26,ART,18ASH,2017.9.19,3,3,Check,18BYD0,Untreated
18BYD20405,5,27,ARTxEVEREST_DH055,18ASH,2017.9.19,3,3,Entry,18BYD0,Untreated
18BYD20406,6,27,ARTxEVEREST_DH090,18ASH,2017.9.19,3,3,Entry,18BYD0,Untreated
18BYD20407,6,26,ARTxEVEREST_DH084,18ASH,2017.9.19,3,3,Entry,18BYD0,Untreated
18BYD20408,6,25,ARTxEVEREST_DH079,18ASH,2017.9.19,3,3,Entry,18BYD0,Untreated
18BYD20409,6,24,EVEREST,18ASH,2017.9.19,3,3,Check,18BYD0,Untreated
18BYD20410,6,23,ARTxEVEREST_DH054,18ASH,2017.9.19,3,3,Entry,18BYD0,Untreated
18BYD20411,6,22,ARTxEVEREST_DH042,18ASH,2017.9.19,3,3,Entry,18BYD0,Untreated
18BYD20412,6,21,ARTxEVEREST_DH038,18ASH,2017.9.19,3,3,Entry,18BYD0,Untreated
18BYD20413,6,20,ART,18ASH,2017.9.19,3,3,Check,18BYD0,Untreated
18BYD20414,6,19,ARTxEVEREST_DH095,18ASH,2017.9.19,3,3,Entry,18BYD0,Untreated
18BYD20415,7,19,ARTxEVEREST_DH104,18ASH,2017.9.19,3,3,Entry,18BYD0,Untreated
18BYD20416,7,20,ART,18ASH,2017.9.19,3,3,Check,18BYD0,Untreated
18BYD20417,7,21,ARTxEVEREST_DH045,18ASH,2017.9.19,3,3,Entry,18BYD0,Untreated
18BYD20418,7,22,EVEREST,18ASH,2017.9.19,3,3,Check,18BYD0,Untreated
18BYD20419,7,23,ARTxEVEREST_DH130,18ASH,2017.9.19,3,3,Entry,18BYD0,Untreated
18BYD20420,7,24,ART,18ASH,2017.9.19,3,3,Check,18BYD0,Untreated
18BYD20421,7,25,ART,18ASH,2017.9.19,3,3,Check,18BYD0,Untreated
18BYD20422,7,26,ARTxEVEREST_DH081,18ASH,2017.9.19,3,3,Entry,18BYD0,Untreated
18BYD20423,7,27,ARTxEVEREST_DH131,18ASH,2017.9.19,3,3,Entry,18BYD0,Untreated
18BYD20424,8,27,ARTxEVEREST_DH051,18ASH,2017.9.19,3,3,Entry,18BYD0,Untreated
18BYD20425,8,26,EVEREST,18ASH,2017.9.19,3,3,Check,18BYD0,Untreated
18BYD20426,8,25,ARTxEVEREST_DH022,18ASH,2017.9.19,3,3,Entry,18BYD0,Untreated
18BYD20427,8,24,ARTxEVEREST_DH008,18ASH,2017.9.19,3,3,Entry,18BYD0,Untreated
18BYD20428,8,23,ARTxEVEREST_DH059,18ASH,2017.9.19,3,3,Entry,18BYD0,Untreated
18BYD20429,8,22,ARTxEVEREST_DH143,18ASH,2017.9.19,3,3,Entry,18BYD0,Untreated
18BYD20430,8,21,ARTxEVEREST_DH077,18ASH,2017.9.19,3,3,Entry,18BYD0,Untreated
18BYD20431,8,20,ARTxEVEREST_DH017,18ASH,2017.9.19,3,3,Entry,18BYD0,Untreated
18BYD20432,8,19,ARTxEVEREST_DH092,18ASH,2017.9.19,3,3,Entry,18BYD0,Untreated
18BYD20433,9,19,ARTxEVEREST_DH087,18ASH,2017.9.19,3,3,Entry,18BYD0,Untreated
18BYD20434,9,20,ARTxEVEREST_DH134,18ASH,2017.9.19,3,3,Entry,18BYD0,Untreated
18BYD20435,9,21,EVEREST,18ASH,2017.9.19,3,3,Check,18BYD0,Untreated
18BYD20436,9,22,BobDole,18ASH,2017.9.19,3,3,Check,18BYD0,Untreated
18BYD20437,9,23,ARTxEVEREST_DH107,18ASH,2017.9.19,3,3,Entry,18BYD0,Untreated
18BYD20438,9,24,ARTxEVEREST_DH005,18ASH,2017.9.19,3,3,Entry,18BYD0,Untreated
18BYD20439,9,25,ART,18ASH,2017.9.19,3,3,Check,18BYD0,Untreated
18BYD20440,9,26,ART,18ASH,2017.9.19,3,3,Check,18BYD0,Untreated
18BYD20441,9,27,ARTxEVEREST_DH029,18ASH,2017.9.19,3,3,Entry,18BYD0,Untreated
18BYD20442,10,27,ARTxEVEREST_DH031,18ASH,2017.9.19,3,3,Entry,18BYD0,Untreated
18BYD20443,10,26,ARTxEVEREST_DH124,18ASH,2017.9.19,3,3,Entry,18BYD0,Untreated
18BYD20444,10,25,ARTxEVEREST_DH110,18ASH,2017.9.19,3,3,Entry,18BYD0,Untreated
18BYD20445,10,24,EVEREST,18ASH,2017.9.19,3,3,Check,18BYD0,Untreated
18BYD20446,10,23,ARTxEVEREST_DH033,18ASH,2017.9.19,3,3,Entry,18BYD0,Untreated
18BYD20447,10,22,ARTxEVEREST_DH101,18ASH,2017.9.19,3,3,Entry,18BYD0,Untreated
18BYD20448,10,21,ARTxEVEREST_DH117,18ASH,2017.9.19,3,3,Entry,18BYD0,Untreated
18BYD20449,10,20,ARTxEVEREST_DH006,18ASH,2017.9.19,3,3,Entry,18BYD0,Untreated
18BYD20450,10,19,ARTxEVEREST_DH025,18ASH,2017.9.19,3,3,Entry,18BYD0,Untreated
18BYD20451,11,19,ARTxEVEREST_DH129,18ASH,2017.9.19,3,3,Entry,18BYD0,Untreated
18BYD20452,11,20,ARTxEVEREST_DH096,18ASH,2017.9.19,3,3,Entry,18BYD0,Untreated
18BYD20453,11,21,ARTxEVEREST_DH103,18ASH,2017.9.19,3,3,Entry,18BYD0,Untreated
18BYD20454,11,22,ARTxEVEREST_DH091,18ASH,2017.9.19,3,3,Entry,18BYD0,Untreated
18BYD20455,11,23,ARTxEVEREST_DH094,18ASH,2017.9.19,3,3,Entry,18BYD0,Untreated
18BYD20456,11,24,ARTxEVEREST_DH080,18ASH,2017.9.19,3,3,Entry,18BYD0,Untreated
18BYD20457,11,25,ARTxEVEREST_DH108,18ASH,2017.9.19,3,3,Entry,18BYD0,Untreated
18BYD20458,11,26,ART,18ASH,2017.9.19,3,3,Check,18BYD0,Untreated
18BYD20459,11,27,ARTxEVEREST_DH102,18ASH,2017.9.19,3,3,Entry,18BYD0,Untreated
18BYD20460,12,27,ARTxEVEREST_DH030,18ASH,2017.9.19,3,3,Entry,18BYD0,Untreated
18BYD20461,12,26,ARTxEVEREST_DH106,18ASH,2017.9.19,3,3,Entry,18BYD0,Untreated
18BYD20462,12,25,ARTxEVEREST_DH004,18ASH,2017.9.19,3,3,Entry,18BYD0,Untreated
18BYD20463,12,24,EVEREST,18ASH,2017.9.19,3,3,Check,18BYD0,Untreated
18BYD20464,12,23,ARTxEVEREST_DH061,18ASH,2017.9.19,3,3,Entry,18BYD0,Untreated
18BYD20465,12,22,ARTxEVEREST_DH126,18ASH,2017.9.19,3,3,Entry,18BYD0,Untreated
18BYD20466,12,21,Larry,18ASH,2017.9.19,3,3,Check,18BYD0,Untreated
18BYD20467,12,20,ARTxEVEREST_DH041,18ASH,2017.9.19,3,3,Entry,18BYD0,Untreated
18BYD20468,12,19,ARTxEVEREST_DH083,18ASH,2017.9.19,3,3,Entry,18BYD0,Untreated
18BYD20469,13,19,ARTxEVEREST_DH122,18ASH,2017.9.19,3,3,Entry,18BYD0,Untreated
18BYD20470,13,20,ARTxEVEREST_DH013,18ASH,2017.9.19,3,3,Entry,18BYD0,Untreated
18BYD20471,13,21,ARTxEVEREST_DH048,18ASH,2017.9.19,3,3,Entry,18BYD0,Untreated
18BYD20472,13,22,ART,18ASH,2017.9.19,3,3,Check,18BYD0,Untreated
18BYD20473,13,23,ARTxEVEREST_DH116,18ASH,2017.9.19,3,3,Entry,18BYD0,Untreated
18BYD20474,13,24,ARTxEVEREST_DH040,18ASH,2017.9.19,3,3,Entry,18BYD0,Untreated
18BYD20475,13,25,ARTxEVEREST_DH147,18ASH,2017.9.19,3,3,Entry,18BYD0,Untreated
18BYD20476,13,26,ARTxEVEREST_DH020,18ASH,2017.9.19,3,3,Entry,18BYD0,Untreated
18BYD20477,13,27,ARTxEVEREST_DH140,18ASH,2017.9.19,3,3,Entry,18BYD0,Untreated
18BYD20478,14,27,ARTxEVEREST_DH037,18ASH,2017.9.19,3,3,Entry,18BYD0,Untreated
18BYD20479,14,26,ARTxEVEREST_DH137,18ASH,2017.9.19,3,3,Entry,18BYD0,Untreated
18BYD20480,14,25,ARTxEVEREST_DH032,18ASH,2017.9.19,3,3,Entry,18BYD0,Untreated
18BYD20481,14,24,ARTxEVEREST_DH076,18ASH,2017.9.19,3,3,Entry,18BYD0,Untreated
18BYD20482,14,23,ARTxEVEREST_DH099,18ASH,2017.9.19,3,3,Entry,18BYD0,Untreated
18BYD20483,14,22,ARTxEVEREST_DH078,18ASH,2017.9.19,3,3,Entry,18BYD0,Untreated
18BYD20484,14,21,ARTxEVEREST_DH058,18ASH,2017.9.19,3,3,Entry,18BYD0,Untreated
18BYD20485,14,20,EVEREST,18ASH,2017.9.19,3,3,Check,18BYD0,Untreated
18BYD20486,14,19,ARTxEVEREST_DH060,18ASH,2017.9.19,3,3,Entry,18BYD0,Untreated
18BYD20487,15,19,ARTxEVEREST_DH071,18ASH,2017.9.19,3,3,Entry,18BYD0,Untreated
18BYD20488,15,20,ARTxEVEREST_DH012,18ASH,2017.9.19,3,3,Entry,18BYD0,Untreated
18BYD20489,15,21,ARTxEVEREST_DH112,18ASH,2017.9.19,3,3,Entry,18BYD0,Untreated
18BYD20490,15,22,ART,18ASH,2017.9.19,3,3,Check,18BYD0,Untreated
18BYD20491,15,23,ARTxEVEREST_DH088,18ASH,2017.9.19,3,3,Entry,18BYD0,Untreated
18BYD20492,15,24,ARTxEVEREST_DH007,18ASH,2017.9.19,3,3,Entry,18BYD0,Untreated
18BYD20493,15,25,EVEREST,18ASH,2017.9.19,3,3,Check,18BYD0,Untreated
18BYD20494,15,26,ARTxEVEREST_DH089,18ASH,2017.9.19,3,3,Entry,18BYD0,Untreated
18BYD20495,15,27,ARTxEVEREST_DH135,18ASH,2017.9.19,3,3,Entry,18BYD0,Untreated
18BYD20496,16,27,ARTxEVEREST_DH050,18ASH,2017.9.19,3,3,Entry,18BYD0,Untreated
18BYD20497,16,26,ARTxEVEREST_DH047,18ASH,2017.9.19,3,3,Entry,18BYD0,Untreated
18BYD20498,16,25,ART,18ASH,2017.9.19,3,3,Check,18BYD0,Untreated
18BYD20499,16,24,ARTxEVEREST_DH015,18ASH,2017.9.19,3,3,Entry,18BYD0,Untreated
18BYD20500,16,23,ARTxEVEREST_DH121,18ASH,2017.9.19,3,3,Entry,18BYD0,Untreated
18BYD20501,16,22,ARTxEVEREST_DH145,18ASH,2017.9.19,3,3,Entry,18BYD0,Untreated
18BYD20502,16,21,ARTxEVEREST_DH003,18ASH,2017.9.19,3,3,Entry,18BYD0,Untreated
18BYD20503,16,20,EVEREST,18ASH,2017.9.19,3,3,Check,18BYD0,Untreated
18BYD20504,16,19,ARTxEVEREST_DH138,18ASH,2017.9.19,3,3,Entry,18BYD0,Untreated
18BYD20505,17,19,ARTxEVEREST_DH073,18ASH,2017.9.19,3,3,Entry,18BYD0,Untreated
18BYD20506,17,20,ART,18ASH,2017.9.19,3,3,Check,18BYD0,Untreated
18BYD20507,17,21,ART,18ASH,2017.9.19,3,3,Check,18BYD0,Untreated
18BYD20508,17,22,ARTxEVEREST_DH039,18ASH,2017.9.19,3,3,Entry,18BYD0,Untreated
18BYD20509,17,23,ARTxEVEREST_DH024,18ASH,2017.9.19,3,3,Entry,18BYD0,Untreated
18BYD20510,17,24,ARTxEVEREST_DH026,18ASH,2017.9.19,3,3,Entry,18BYD0,Untreated
18BYD20511,17,25,ARTxEVEREST_DH127,18ASH,2017.9.19,3,3,Entry,18BYD0,Untreated
18BYD20512,17,26,EVEREST,18ASH,2017.9.19,3,3,Check,18BYD0,Untreated
18BYD20513,17,27,ARTxEVEREST_DH072,18ASH,2017.9.19,3,3,Entry,18BYD0,Untreated
18BYD20514,18,27,ARTxEVEREST_DH002,18ASH,2017.9.19,3,3,Entry,18BYD0,Untreated
18BYD20515,18,26,ARTxEVEREST_DH133,18ASH,2017.9.19,3,3,Entry,18BYD0,Untreated
18BYD20516,18,25,ART,18ASH,2017.9.19,3,3,Check,18BYD0,Untreated
18BYD20517,18,24,ARTxEVEREST_DH114,18ASH,2017.9.19,3,3,Entry,18BYD0,Untreated
18BYD20518,18,23,ARTxEVEREST_DH085,18ASH,2017.9.19,3,3,Entry,18BYD0,Untreated
18BYD20519,18,22,EVEREST,18ASH,2017.9.19,3,3,Check,18BYD0,Untreated
18BYD20520,18,21,ARTxEVEREST_DH075,18ASH,2017.9.19,3,3,Entry,18BYD0,Untreated
18BYD20521,18,20,ARTxEVEREST_DH027,18ASH,2017.9.19,3,3,Entry,18BYD0,Untreated
18BYD20522,18,19,ARTxEVEREST_DH057,18ASH,2017.9.19,3,3,Entry,18BYD0,Untreated
18BYD20523,19,19,ARTxEVEREST_DH098,18ASH,2017.9.19,3,3,Entry,18BYD0,Untreated
18BYD20524,19,20,ART,18ASH,2017.9.19,3,3,Check,18BYD0,Untreated
18BYD20525,19,21,ArtXEverestDH-149,18ASH,2017.9.19,3,3,Check,18BYD0,Untreated
18BYD20526,19,22,ARTxEVEREST_DH044,18ASH,2017.9.19,3,3,Entry,18BYD0,Untreated
18BYD20527,19,23,ARTxEVEREST_DH093,18ASH,2017.9.19,3,3,Entry,18BYD0,Untreated
18BYD20528,19,24,ARTxEVEREST_DH065,18ASH,2017.9.19,3,3,Entry,18BYD0,Untreated
18BYD20529,19,25,ARTxEVEREST_DH009,18ASH,2017.9.19,3,3,Entry,18BYD0,Untreated
18BYD20530,19,26,ARTxEVEREST_DH019,18ASH,2017.9.19,3,3,Entry,18BYD0,Untreated
18BYD20531,19,27,ARTxEVEREST_DH125,18ASH,2017.9.19,3,3,Entry,18BYD0,Untreated
18BYD20532,20,27,ARTxEVEREST_DH139,18ASH,2017.9.19,3,3,Entry,18BYD0,Untreated
18BYD20533,20,26,ARTxEVEREST_DH074,18ASH,2017.9.19,3,3,Entry,18BYD0,Untreated
18BYD20534,20,25,ART,18ASH,2017.9.19,3,3,Check,18BYD0,Untreated
18BYD20535,20,24,ARTxEVEREST_DH070,18ASH,2017.9.19,3,3,Entry,18BYD0,Untreated
18BYD20536,20,23,ARTxEVEREST_DH115,18ASH,2017.9.19,3,3,Entry,18BYD0,Untreated
18BYD20537,20,22,ARTxEVEREST_DH062,18ASH,2017.9.19,3,3,Entry,18BYD0,Untreated
18BYD20538,20,21,EVEREST,18ASH,2017.9.19,3,3,Check,18BYD0,Untreated
18BYD20539,20,20,ARTxEVEREST_DH123,18ASH,2017.9.19,3,3,Entry,18BYD0,Untreated
18BYD20540,20,19,ARTxEVEREST_DH128,18ASH,2017.9.19,3,3,Entry,18BYD0,Untreated
18BYD20541,1,28,ARTxEVEREST_DH055,18ASH,2017.9.19,4,4,Entry,18BYD0,Treated
18BYD20542,1,29,ARTxEVEREST_DH040,18ASH,2017.9.19,4,4,Entry,18BYD0,Treated
18BYD20543,1,30,ARTxEVEREST_DH117,18ASH,2017.9.19,4,4,Entry,18BYD0,Treated
18BYD20544,1,31,EVEREST,18ASH,2017.9.19,4,4,Check,18BYD0,Treated
18BYD20545,1,32,ARTxEVEREST_DH140,18ASH,2017.9.19,4,4,Entry,18BYD0,Treated
18BYD20546,1,33,ARTxEVEREST_DH135,18ASH,2017.9.19,4,4,Entry,18BYD0,Treated
18BYD20547,1,34,ARTxEVEREST_DH027,18ASH,2017.9.19,4,4,Entry,18BYD0,Treated
18BYD20548,1,35,ARTxEVEREST_DH045,18ASH,2017.9.19,4,4,Entry,18BYD0,Treated
18BYD20549,1,36,ARTxEVEREST_DH111,18ASH,2017.9.19,4,4,Entry,18BYD0,Treated
18BYD20550,2,36,ARTxEVEREST_DH038,18ASH,2017.9.19,4,4,Entry,18BYD0,Treated
18BYD20551,2,35,ARTxEVEREST_DH127,18ASH,2017.9.19,4,4,Entry,18BYD0,Treated
18BYD20552,2,34,EVEREST,18ASH,2017.9.19,4,4,Check,18BYD0,Treated
18BYD20553,2,33,ARTxEVEREST_DH062,18ASH,2017.9.19,4,4,Entry,18BYD0,Treated
18BYD20554,2,32,ART,18ASH,2017.9.19,4,4,Check,18BYD0,Treated
18BYD20555,2,31,ARTxEVEREST_DH061,18ASH,2017.9.19,4,4,Entry,18BYD0,Treated
18BYD20556,2,30,ARTxEVEREST_DH129,18ASH,2017.9.19,4,4,Entry,18BYD0,Treated
18BYD20557,2,29,ART,18ASH,2017.9.19,4,4,Check,18BYD0,Treated
18BYD20558,2,28,ARTxEVEREST_DH064,18ASH,2017.9.19,4,4,Entry,18BYD0,Treated
18BYD20559,3,28,ARTxEVEREST_DH091,18ASH,2017.9.19,4,4,Entry,18BYD0,Treated
18BYD20560,3,29,ARTxEVEREST_DH041,18ASH,2017.9.19,4,4,Entry,18BYD0,Treated
18BYD20561,3,30,ARTxEVEREST_DH110,18ASH,2017.9.19,4,4,Entry,18BYD0,Treated
18BYD20562,3,31,EVEREST,18ASH,2017.9.19,4,4,Check,18BYD0,Treated
18BYD20563,3,32,ARTxEVEREST_DH118,18ASH,2017.9.19,4,4,Entry,18BYD0,Treated
18BYD20564,3,33,ARTxEVEREST_DH121,18ASH,2017.9.19,4,4,Entry,18BYD0,Treated
18BYD20565,3,34,ART,18ASH,2017.9.19,4,4,Check,18BYD0,Treated
18BYD20566,3,35,ARTxEVEREST_DH016,18ASH,2017.9.19,4,4,Entry,18BYD0,Treated
18BYD20567,3,36,ARTxEVEREST_DH074,18ASH,2017.9.19,4,4,Entry,18BYD0,Treated
18BYD20568,4,36,ARTxEVEREST_DH108,18ASH,2017.9.19,4,4,Entry,18BYD0,Treated
18BYD20569,4,35,ARTxEVEREST_DH093,18ASH,2017.9.19,4,4,Entry,18BYD0,Treated
18BYD20570,4,34,EVEREST,18ASH,2017.9.19,4,4,Check,18BYD0,Treated
18BYD20571,4,33,ARTxEVEREST_DH032,18ASH,2017.9.19,4,4,Entry,18BYD0,Treated
18BYD20572,4,32,ARTxEVEREST_DH048,18ASH,2017.9.19,4,4,Entry,18BYD0,Treated
18BYD20573,4,31,ART,18ASH,2017.9.19,4,4,Check,18BYD0,Treated
18BYD20574,4,30,ARTxEVEREST_DH071,18ASH,2017.9.19,4,4,Entry,18BYD0,Treated
18BYD20575,4,29,ARTxEVEREST_DH013,18ASH,2017.9.19,4,4,Entry,18BYD0,Treated
18BYD20576,4,28,ARTxEVEREST_DH014,18ASH,2017.9.19,4,4,Entry,18BYD0,Treated
18BYD20577,5,28,ARTxEVEREST_DH031,18ASH,2017.9.19,4,4,Entry,18BYD0,Treated
18BYD20578,5,29,ART,18ASH,2017.9.19,4,4,Check,18BYD0,Treated
18BYD20579,5,30,ARTxEVEREST_DH037,18ASH,2017.9.19,4,4,Entry,18BYD0,Treated
18BYD20580,5,31,ARTxEVEREST_DH073,18ASH,2017.9.19,4,4,Entry,18BYD0,Treated
18BYD20581,5,32,ARTxEVEREST_DH130,18ASH,2017.9.19,4,4,Entry,18BYD0,Treated
18BYD20582,5,33,ARTxEVEREST_DH050,18ASH,2017.9.19,4,4,Entry,18BYD0,Treated
18BYD20583,5,34,ARTxEVEREST_DH012,18ASH,2017.9.19,4,4,Entry,18BYD0,Treated
18BYD20584,5,35,ART,18ASH,2017.9.19,4,4,Check,18BYD0,Treated
18BYD20585,5,36,ARTxEVEREST_DH049,18ASH,2017.9.19,4,4,Entry,18BYD0,Treated
18BYD20586,6,36,ARTxEVEREST_DH004,18ASH,2017.9.19,4,4,Entry,18BYD0,Treated
18BYD20587,6,35,ARTxEVEREST_DH046,18ASH,2017.9.19,4,4,Entry,18BYD0,Treated
18BYD20588,6,34,ARTxEVEREST_DH030,18ASH,2017.9.19,4,4,Entry,18BYD0,Treated
18BYD20589,6,33,EVEREST,18ASH,2017.9.19,4,4,Check,18BYD0,Treated
18BYD20590,6,32,ARTxEVEREST_DH083,18ASH,2017.9.19,4,4,Entry,18BYD0,Treated
18BYD20591,6,31,ARTxEVEREST_DH025,18ASH,2017.9.19,4,4,Entry,18BYD0,Treated
18BYD20592,6,30,ARTxEVEREST_DH029,18ASH,2017.9.19,4,4,Entry,18BYD0,Treated
18BYD20593,6,29,ART,18ASH,2017.9.19,4,4,Check,18BYD0,Treated
18BYD20594,6,28,ARTxEVEREST_DH072,18ASH,2017.9.19,4,4,Entry,18BYD0,Treated
18BYD20595,7,28,ARTxEVEREST_DH126,18ASH,2017.9.19,4,4,Entry,18BYD0,Treated
18BYD20596,7,29,ARTxEVEREST_DH124,18ASH,2017.9.19,4,4,Entry,18BYD0,Treated
18BYD20597,7,30,ARTxEVEREST_DH003,18ASH,2017.9.19,4,4,Entry,18BYD0,Treated
18BYD20598,7,31,EVEREST,18ASH,2017.9.19,4,4,Check,18BYD0,Treated
18BYD20599,7,32,ARTxEVEREST_DH059,18ASH,2017.9.19,4,4,Entry,18BYD0,Treated
18BYD20600,7,33,ARTxEVEREST_DH141,18ASH,2017.9.19,4,4,Entry,18BYD0,Treated
18BYD20601,7,34,ART,18ASH,2017.9.19,4,4,Check,18BYD0,Treated
18BYD20602,7,35,ARTxEVEREST_DH036,18ASH,2017.9.19,4,4,Entry,18BYD0,Treated
18BYD20603,7,36,ARTxEVEREST_DH134,18ASH,2017.9.19,4,4,Entry,18BYD0,Treated
18BYD20604,8,36,Larry,18ASH,2017.9.19,4,4,Check,18BYD0,Treated
18BYD20605,8,35,EVEREST,18ASH,2017.9.19,4,4,Check,18BYD0,Treated
18BYD20606,8,34,ARTxEVEREST_DH096,18ASH,2017.9.19,4,4,Entry,18BYD0,Treated
18BYD20607,8,33,ARTxEVEREST_DH019,18ASH,2017.9.19,4,4,Entry,18BYD0,Treated
18BYD20608,8,32,ARTxEVEREST_DH056,18ASH,2017.9.19,4,4,Entry,18BYD0,Treated
18BYD20609,8,31,ARTxEVEREST_DH133,18ASH,2017.9.19,4,4,Entry,18BYD0,Treated
18BYD20610,8,30,ARTxEVEREST_DH015,18ASH,2017.9.19,4,4,Entry,18BYD0,Treated
18BYD20611,8,29,ARTxEVEREST_DH023,18ASH,2017.9.19,4,4,Entry,18BYD0,Treated
18BYD20612,8,28,ARTxEVEREST_DH085,18ASH,2017.9.19,4,4,Entry,18BYD0,Treated
18BYD20613,9,28,ARTxEVEREST_DH005,18ASH,2017.9.19,4,4,Entry,18BYD0,Treated
18BYD20614,9,29,ARTxEVEREST_DH010,18ASH,2017.9.19,4,4,Entry,18BYD0,Treated
18BYD20615,9,30,EVEREST,18ASH,2017.9.19,4,4,Check,18BYD0,Treated
18BYD20616,9,31,ARTxEVEREST_DH104,18ASH,2017.9.19,4,4,Entry,18BYD0,Treated
18BYD20617,9,32,ARTxEVEREST_DH052,18ASH,2017.9.19,4,4,Entry,18BYD0,Treated
18BYD20618,9,33,ARTxEVEREST_DH132,18ASH,2017.9.19,4,4,Entry,18BYD0,Treated
18BYD20619,9,34,ART,18ASH,2017.9.19,4,4,Check,18BYD0,Treated
18BYD20620,9,35,ARTxEVEREST_DH044,18ASH,2017.9.19,4,4,Entry,18BYD0,Treated
18BYD20621,9,36,ARTxEVEREST_DH094,18ASH,2017.9.19,4,4,Entry,18BYD0,Treated
18BYD20622,10,36,ARTxEVEREST_DH139,18ASH,2017.9.19,4,4,Entry,18BYD0,Treated
18BYD20623,10,35,ARTxEVEREST_DH035,18ASH,2017.9.19,4,4,Entry,18BYD0,Treated
18BYD20624,10,34,ARTxEVEREST_DH002,18ASH,2017.9.19,4,4,Entry,18BYD0,Treated
18BYD20625,10,33,EVEREST,18ASH,2017.9.19,4,4,Check,18BYD0,Treated
18BYD20626,10,32,ARTxEVEREST_DH065,18ASH,2017.9.19,4,4,Entry,18BYD0,Treated
18BYD20627,10,31,ARTxEVEREST_DH143,18ASH,2017.9.19,4,4,Entry,18BYD0,Treated
18BYD20628,10,30,ARTxEVEREST_DH060,18ASH,2017.9.19,4,4,Entry,18BYD0,Treated
18BYD20629,10,29,ARTxEVEREST_DH088,18ASH,2017.9.19,4,4,Entry,18BYD0,Treated
18BYD20630,10,28,ARTxEVEREST_DH095,18ASH,2017.9.19,4,4,Entry,18BYD0,Treated
18BYD20631,11,28,ARTxEVEREST_DH007,18ASH,2017.9.19,4,4,Entry,18BYD0,Treated
18BYD20632,11,29,ARTxEVEREST_DH113,18ASH,2017.9.19,4,4,Entry,18BYD0,Treated
18BYD20633,11,30,ARTxEVEREST_DH115,18ASH,2017.9.19,4,4,Entry,18BYD0,Treated
18BYD20634,11,31,ARTxEVEREST_DH081,18ASH,2017.9.19,4,4,Entry,18BYD0,Treated
18BYD20635,11,32,ARTxEVEREST_DH039,18ASH,2017.9.19,4,4,Entry,18BYD0,Treated
18BYD20636,11,33,ARTxEVEREST_DH107,18ASH,2017.9.19,4,4,Entry,18BYD0,Treated
18BYD20637,11,34,ARTxEVEREST_DH054,18ASH,2017.9.19,4,4,Entry,18BYD0,Treated
18BYD20638,11,35,ART,18ASH,2017.9.19,4,4,Check,18BYD0,Treated
18BYD20639,11,36,ARTxEVEREST_DH080,18ASH,2017.9.19,4,4,Entry,18BYD0,Treated
18BYD20640,12,36,BobDole,18ASH,2017.9.19,4,4,Check,18BYD0,Treated
18BYD20641,12,35,ARTxEVEREST_DH057,18ASH,2017.9.19,4,4,Entry,18BYD0,Treated
18BYD20642,12,34,ARTxEVEREST_DH144,18ASH,2017.9.19,4,4,Entry,18BYD0,Treated
18BYD20643,12,33,EVEREST,18ASH,2017.9.19,4,4,Check,18BYD0,Treated
18BYD20644,12,32,ARTxEVEREST_DH067,18ASH,2017.9.19,4,4,Entry,18BYD0,Treated
18BYD20645,12,31,ARTxEVEREST_DH092,18ASH,2017.9.19,4,4,Entry,18BYD0,Treated
18BYD20646,12,30,ARTxEVEREST_DH053,18ASH,2017.9.19,4,4,Entry,18BYD0,Treated
18BYD20647,12,29,ARTxEVEREST_DH138,18ASH,2017.9.19,4,4,Entry,18BYD0,Treated
18BYD20648,12,28,ARTxEVEREST_DH042,18ASH,2017.9.19,4,4,Entry,18BYD0,Treated
18BYD20649,13,28,ARTxEVEREST_DH070,18ASH,2017.9.19,4,4,Entry,18BYD0,Treated
18BYD20650,13,29,ARTxEVEREST_DH114,18ASH,2017.9.19,4,4,Entry,18BYD0,Treated
18BYD20651,13,30,ARTxEVEREST_DH125,18ASH,2017.9.19,4,4,Entry,18BYD0,Treated
18BYD20652,13,31,ART,18ASH,2017.9.19,4,4,Check,18BYD0,Treated
18BYD20653,13,32,ARTxEVEREST_DH128,18ASH,2017.9.19,4,4,Entry,18BYD0,Treated
18BYD20654,13,33,ARTxEVEREST_DH047,18ASH,2017.9.19,4,4,Entry,18BYD0,Treated
18BYD20655,13,34,ARTxEVEREST_DH087,18ASH,2017.9.19,4,4,Entry,18BYD0,Treated
18BYD20656,13,35,ARTxEVEREST_DH097,18ASH,2017.9.19,4,4,Entry,18BYD0,Treated
18BYD20657,13,36,ARTxEVEREST_DH024,18ASH,2017.9.19,4,4,Entry,18BYD0,Treated
18BYD20658,14,36,ARTxEVEREST_DH084,18ASH,2017.9.19,4,4,Entry,18BYD0,Treated
18BYD20659,14,35,ARTxEVEREST_DH116,18ASH,2017.9.19,4,4,Entry,18BYD0,Treated
18BYD20660,14,34,ARTxEVEREST_DH009,18ASH,2017.9.19,4,4,Entry,18BYD0,Treated
18BYD20661,14,33,ARTxEVEREST_DH017,18ASH,2017.9.19,4,4,Entry,18BYD0,Treated
18BYD20662,14,32,ART,18ASH,2017.9.19,4,4,Check,18BYD0,Treated
18BYD20663,14,31,ArtXEverestDH-149,18ASH,2017.9.19,4,4,Check,18BYD0,Treated
18BYD20664,14,30,ARTxEVEREST_DH075,18ASH,2017.9.19,4,4,Entry,18BYD0,Treated
18BYD20665,14,29,EVEREST,18ASH,2017.9.19,4,4,Check,18BYD0,Treated
18BYD20666,14,28,ARTxEVEREST_DH011,18ASH,2017.9.19,4,4,Entry,18BYD0,Treated
18BYD20667,15,28,ARTxEVEREST_DH051,18ASH,2017.9.19,4,4,Entry,18BYD0,Treated
18BYD20668,15,29,ARTxEVEREST_DH089,18ASH,2017.9.19,4,4,Entry,18BYD0,Treated
18BYD20669,15,30,ARTxEVEREST_DH099,18ASH,2017.9.19,4,4,Entry,18BYD0,Treated
18BYD20670,15,31,ART,18ASH,2017.9.19,4,4,Check,18BYD0,Treated
18BYD20671,15,32,ARTxEVEREST_DH137,18ASH,2017.9.19,4,4,Entry,18BYD0,Treated
18BYD20672,15,33,ARTxEVEREST_DH008,18ASH,2017.9.19,4,4,Entry,18BYD0,Treated
18BYD20673,15,34,EVEREST,18ASH,2017.9.19,4,4,Check,18BYD0,Treated
18BYD20674,15,35,ARTxEVEREST_DH119,18ASH,2017.9.19,4,4,Entry,18BYD0,Treated
18BYD20675,15,36,ARTxEVEREST_DH043,18ASH,2017.9.19,4,4,Entry,18BYD0,Treated
18BYD20676,16,36,ARTxEVEREST_DH066,18ASH,2017.9.19,4,4,Entry,18BYD0,Treated
18BYD20677,16,35,ARTxEVEREST_DH123,18ASH,2017.9.19,4,4,Entry,18BYD0,Treated
18BYD20678,16,34,ART,18ASH,2017.9.19,4,4,Check,18BYD0,Treated
18BYD20679,16,33,ART,18ASH,2017.9.19,4,4,Check,18BYD0,Treated
18BYD20680,16,32,ARTxEVEREST_DH148,18ASH,2017.9.19,4,4,Entry,18BYD0,Treated
18BYD20681,16,31,ARTxEVEREST_DH068,18ASH,2017.9.19,4,4,Entry,18BYD0,Treated
18BYD20682,16,30,ARTxEVEREST_DH122,18ASH,2017.9.19,4,4,Entry,18BYD0,Treated
18BYD20683,16,29,EVEREST,18ASH,2017.9.19,4,4,Check,18BYD0,Treated
18BYD20684,16,28,ARTxEVEREST_DH146,18ASH,2017.9.19,4,4,Entry,18BYD0,Treated
18BYD20685,17,28,ART,18ASH,2017.9.19,4,4,Check,18BYD0,Treated
18BYD20686,17,29,ART,18ASH,2017.9.19,4,4,Check,18BYD0,Treated
18BYD20687,17,30,ARTxEVEREST_DH145,18ASH,2017.9.19,4,4,Entry,18BYD0,Treated
18BYD20688,17,31,ARTxEVEREST_DH020,18ASH,2017.9.19,4,4,Entry,18BYD0,Treated
18BYD20689,17,32,ARTxEVEREST_DH018,18ASH,2017.9.19,4,4,Entry,18BYD0,Treated
18BYD20690,17,33,ARTxEVEREST_DH069,18ASH,2017.9.19,4,4,Entry,18BYD0,Treated
18BYD20691,17,34,ARTxEVEREST_DH077,18ASH,2017.9.19,4,4,Entry,18BYD0,Treated
18BYD20692,17,35,EVEREST,18ASH,2017.9.19,4,4,Check,18BYD0,Treated
18BYD20693,17,36,ARTxEVEREST_DH001,18ASH,2017.9.19,4,4,Entry,18BYD0,Treated
18BYD20694,18,36,ARTxEVEREST_DH079,18ASH,2017.9.19,4,4,Entry,18BYD0,Treated
18BYD20695,18,35,ARTxEVEREST_DH034,18ASH,2017.9.19,4,4,Entry,18BYD0,Treated
18BYD20696,18,34,ART,18ASH,2017.9.19,4,4,Check,18BYD0,Treated
18BYD20697,18,33,ARTxEVEREST_DH078,18ASH,2017.9.19,4,4,Entry,18BYD0,Treated
18BYD20698,18,32,ARTxEVEREST_DH131,18ASH,2017.9.19,4,4,Entry,18BYD0,Treated
18BYD20699,18,31,EVEREST,18ASH,2017.9.19,4,4,Check,18BYD0,Treated
18BYD20700,18,30,ARTxEVEREST_DH098,18ASH,2017.9.19,4,4,Entry,18BYD0,Treated
18BYD20701,18,29,ARTxEVEREST_DH026,18ASH,2017.9.19,4,4,Entry,18BYD0,Treated
18BYD20702,18,28,ARTxEVEREST_DH021,18ASH,2017.9.19,4,4,Entry,18BYD0,Treated
18BYD20703,19,28,ARTxEVEREST_DH112,18ASH,2017.9.19,4,4,Entry,18BYD0,Treated
18BYD20704,19,29,ART,18ASH,2017.9.19,4,4,Check,18BYD0,Treated
18BYD20705,19,30,ARTxEVEREST_DH076,18ASH,2017.9.19,4,4,Entry,18BYD0,Treated
18BYD20706,19,31,ARTxEVEREST_DH109,18ASH,2017.9.19,4,4,Entry,18BYD0,Treated
18BYD20707,19,32,ARTxEVEREST_DH147,18ASH,2017.9.19,4,4,Entry,18BYD0,Treated
18BYD20708,19,33,ARTxEVEREST_DH063,18ASH,2017.9.19,4,4,Entry,18BYD0,Treated
18BYD20709,19,34,ARTxEVEREST_DH090,18ASH,2017.9.19,4,4,Entry,18BYD0,Treated
18BYD20710,19,35,ARTxEVEREST_DH101,18ASH,2017.9.19,4,4,Entry,18BYD0,Treated
18BYD20711,19,36,ARTxEVEREST_DH022,18ASH,2017.9.19,4,4,Entry,18BYD0,Treated
18BYD20712,20,36,ARTxEVEREST_DH102,18ASH,2017.9.19,4,4,Entry,18BYD0,Treated
18BYD20713,20,35,ARTxEVEREST_DH006,18ASH,2017.9.19,4,4,Entry,18BYD0,Treated
18BYD20714,20,34,ART,18ASH,2017.9.19,4,4,Check,18BYD0,Treated
18BYD20715,20,33,ARTxEVEREST_DH033,18ASH,2017.9.19,4,4,Entry,18BYD0,Treated
18BYD20716,20,32,ARTxEVEREST_DH106,18ASH,2017.9.19,4,4,Entry,18BYD0,Treated
18BYD20717,20,31,ARTxEVEREST_DH103,18ASH,2017.9.19,4,4,Entry,18BYD0,Treated
18BYD20718,20,30,EVEREST,18ASH,2017.9.19,4,4,Check,18BYD0,Treated
18BYD20719,20,29,ARTxEVEREST_DH082,18ASH,2017.9.19,4,4,Entry,18BYD0,Treated
18BYD20720,20,28,ARTxEVEREST_DH058,18ASH,2017.9.19,4,4,Entry,18BYD0,Treated